"File","Bytes","LastWriteTime","SHA256"
"security-evidence\01-scope\security-baseline.md","2874","2026-10-05 12:56:05","E39D7C5D63DD9F4815F6D0DFB658DDD96D540616476A4694E8F75D054267DF21"
"security-evidence\01-scope\security-review-scope.md","1222","2026-10-05 12:56:32","9C7817E4040039404FC48F3FF5237BCCA026AC612289CB309440FF18AC650DCB"
"security-evidence\02-auth-review\auth-architecture.md","4550","2026-10-05 14:16:55","C9C1FB3642CC5B02C854BB7C710B1A9B804AD04C19FCA1017A691B52ABAC3377"
"security-evidence\02-auth-review\auth-file-inventory.txt","308","2026-10-05 12:59:00","B408CC394F466B8D34EA666B0A239E64B6EBE9B9934C2B73D0E312C54B0A5B0B"
"security-evidence\02-auth-review\auth-findings.md","5835","2026-10-05 14:47:11","3F60CDFD93CC80AF64BCF112522272A248801940D5B0F1282F168E1E23246F65"
"security-evidence\02-auth-review\auth-key-lines.txt","11056","2026-10-05 14:16:47","F00AE05F1DF3FE942D53513268123EF2D216E78889A4AE1CB2D3FF74C6290A96"
"security-evidence\02-auth-review\authorization-boundaries.txt","13246","2026-10-05 13:19:44","7324D14B528A3AFD4FCA29F12B2E3215A9535AC9A95ED9139F3C6FF39C0C88BC"
"security-evidence\02-auth-review\route-protection-inventory.txt","25174","2026-10-05 14:35:11","5240A238C84FFFE6C333E4D9FC2D99C5649AB83D79E5E20C557D8C956E08EE2D"
"security-evidence\02-auth-review\route-protection-review.md","3238","2026-10-05 14:47:05","45BCFE0BB187506A6AFE6FC5F41612F0E59039C2A0B936FD4E75942E88A97CCC"
"security-evidence\02-auth-review\web-client-auth-findings.md","3601","2026-10-05 15:06:05","05C43597CBE341F71B3E766FCE302AA2DB826C387772FC5944CFB9FFF55E0EAD"
"security-evidence\02-auth-review\web-client-auth-review.txt","26068","2026-10-05 14:49:50","AD544D1147ED99A8BAD5F3786E1994338F51E96C3A42A769CB14B4F8EDB18822"
"security-evidence\03-access-matrix\role-access-inventory.txt","19626","2026-10-05 15:07:02","79C9B05F838709DE5AC49159420A68FCCB5C537BE5D4A2FE44974752CB5E14DA"
"security-evidence\03-access-matrix\role-access-matrix.md","4725","2026-10-05 15:32:48","122C0AD143C5F283DB4C277032D9F16B657CA386ED3B8773D4C756119DBB7941"
"security-evidence\04-dependency-audits\dependency-security-review.md","4478","2026-10-05 15:48:48","47937AB03AC6FC2729152B6AE45F2EC91053EEEC4250D0D65B733EA05B8EDAC5"
"security-evidence\04-dependency-audits\npm-audit-backend.json","389","2026-10-04 18:52:41","F225F6F2E0FFACFBFCF418FD7D83FF4FC99438D14C80B0B130780166FD909771"
"security-evidence\04-dependency-audits\npm-audit-mobile.json","32512","2026-10-04 18:54:28","E480DD73B8D3EB7B3E4E1976526107DE36E592D578802D1B301F7E564764C6D5"
"security-evidence\04-dependency-audits\npm-audit-web.json","1226","2026-10-04 18:53:31","8E4905E575809DE96E32135F59A05B9B2A1247F84E22B07A87BC9900B1EBC747"
"security-evidence\05-secret-config-scan\gitleaks-git-history.json","3","2026-10-05 15:57:47","37517E5F3DC66819F61F5A7BB8ACE1921282415F10551D2DEFA5C3EB0985B570"
"security-evidence\05-secret-config-scan\secret-config-inventory.txt","437","2026-10-05 16:00:58","509BDB4E22863B863A8B4103F1DB92B8E45D404833F4627822B937D7C27E5722"
"security-evidence\05-secret-config-scan\secret-configuration-review.md","5208","2026-10-05 18:51:46","06B5268962A29270F3D4DE0A2566A5CD81F7A3892A5DD1D4F45BA7AFEB4E3053"
"security-evidence\06-risk-register\risk-register.md","8904","2026-10-05 18:54:04","D95497946A47EBC0D7D9DE6794A1C5F22F8D8EF420F057A982E511E3EBF88CBB"
"security-evidence\07-final-review\final-security-review.md","5258","2026-10-05 19:02:44","13781273E8774D9A7921A32A96557E7F2D309AA2762EE05ABF74F04D192B002F"
"security-evidence\07-final-review\trello-closure-mapping.md","2693","2026-10-05 19:07:23","75C9139D7168717A4982F7C04F1E0C52B53E9692D5C1BFD393A570E0ED749A92"
"security-evidence\dependency-audits\npm-audit-backend.json","389","2026-10-04 18:52:41","F225F6F2E0FFACFBFCF418FD7D83FF4FC99438D14C80B0B130780166FD909771"
"security-evidence\dependency-audits\npm-audit-mobile.json","32512","2026-10-04 18:54:28","E480DD73B8D3EB7B3E4E1976526107DE36E592D578802D1B301F7E564764C6D5"
"security-evidence\dependency-audits\npm-audit-web.json","1226","2026-10-04 18:53:31","8E4905E575809DE96E32135F59A05B9B2A1247F84E22B07A87BC9900B1EBC747"
"security-evidence\secret-scans\gitleaks-report.json","3","2026-10-04 16:49:36","37517E5F3DC66819F61F5A7BB8ACE1921282415F10551D2DEFA5C3EB0985B570"
"security-evidence\secret-scans\gitleaks-report.sarif","48983","2026-10-04 16:49:18","584CD83DFA44420F9476F34127486161374FFC53BBB24700444E43D8E202CD68"
